{
  "textures":{
    "particle":"#pane"
  },
  "elements":[
    {
      "from":[7,0,9],
      "to":[9,16,16],
      "faces":{
        "south":{"uv":[7,0,9,16],"texture":"#edge","cullface":"south"},
        "up":{"uv":[7,9,9,16],"texture":"#edge","cullface":"up"},
        "down":{"uv":[7,0,9,7],"texture":"#edge","cullface":"down"}
      }
    },
    {
      "from":[7,1,9],
      "to":[9,15,16],
      "faces":{
        "east":{"uv":[0,1,7,15],"texture":"#pane"},
        "west":{"uv":[9,1,16,15],"texture":"#pane"}
      }
    },
    {
      "from":[8,1,8],
      "to":[9,15,9],
      "rotation":{"angle":0,"axis":"y","origin":[1,0,-1]},
      "faces":{
        "east":{"uv":[7,1,8,15],"texture":"#pane"}
      }
    },
    {
      "from":[7,0,9],
      "to":[9,1,15],
      "faces":{
        "east":{"uv":[1,15,7,16],"texture":"#edges"},
        "west":{"uv":[9,15,15,16],"texture":"#edges"}
      }
    },
    {
      "from":[8,0,8],
      "to":[9,1,9],
      "rotation":{"angle":0,"axis":"y","origin":[1,0,-1]},
      "faces":{
        "east":{"uv":[7,15,8,16],"texture":"#edges"}
      }
    },
    {
      "from":[7,15,9],
      "to":[9,16,15],
      "faces":{
        "east":{"uv":[1,0,7,1],"texture":"#edges"},
        "west":{"uv":[9,0,15,1],"texture":"#edges"}
      }
    },
    {
      "from":[8,15,8],
      "to":[9,16,9],
      "rotation":{"angle":0,"axis":"y","origin":[1,0,-1]},
      "faces":{
        "east":{"uv":[7,0,8,1],"texture":"#edges"}
      }
    },
    {
      "from":[7,15,15],
      "to":[9,16,16],
      "faces":{
        "east":{"uv":[0,0,1,1],"texture":"#pane"},
        "west":{"uv":[15,0,16,1],"texture":"#pane"}
      }
    },
    {
      "from":[7,0,15],
      "to":[9,1,16],
      "faces":{
        "east":{"uv":[0,15,1,16],"texture":"#pane"},
        "west":{"uv":[15,15,16,16],"texture":"#pane"}
      }
    }
  ]
}