{
  "textures":{
    "particle":"#pane"
  },
  "elements":[
    {
      "from":[0,0,7],
      "to":[7,16,9],
      "faces":{
        "west":{"uv":[7,0,9,16],"texture":"#edge","cullface":"west"},
        "up":{"uv":[7,9,9,16],"rotation":90,"texture":"#edge","cullface":"up"},
        "down":{"uv":[7,9,9,16],"rotation":90,"texture":"#edge","cullface":"down"}
      }
    },
    {
      "from":[0,1,7],
      "to":[7,15,9],
      "faces":{
        "north":{"uv":[9,1,16,15],"texture":"#pane"},
        "south":{"uv":[0,1,7,15],"texture":"#pane"}
      }
    },
    {
      "from":[7,1,8],
      "to":[8,15,9],
      "rotation":{"angle":0,"axis":"y","origin":[7,0,1]},
      "faces":{
        "south":{"uv":[7,1,8,15],"texture":"#pane"}
      }
    },
    {
      "from":[1,0,7],
      "to":[7,1,9],
      "faces":{
        "north":{"uv":[9,15,15,16],"texture":"#edges"},
        "south":{"uv":[1,15,7,16],"texture":"#edges"}
      }
    },
    {
      "from":[7,0,8],
      "to":[8,1,9],
      "rotation":{"angle":0,"axis":"y","origin":[6,0,1]},
      "faces":{
        "south":{"uv":[7,15,8,16],"texture":"#edges"}
      }
    },
    {
      "from":[1,15,7],
      "to":[7,16,9],
      "faces":{
        "north":{"uv":[9,0,15,1],"texture":"#edges"},
        "south":{"uv":[1,0,7,1],"texture":"#edges"}
      }
    },
    {
      "from":[7,15,8],
      "to":[8,16,9],
      "rotation":{"angle":0,"axis":"y","origin":[6,0,1]},
      "faces":{
        "south":{"uv":[7,0,8,1],"texture":"#edges"}
      }
    },
    {
      "from":[0,15,7],
      "to":[1,16,9],
      "faces":{
        "north":{"uv":[15,0,16,1],"texture":"#pane"},
        "south":{"uv":[0,0,1,1],"texture":"#pane"}
      }
    },
    {
      "from":[0,0,7],
      "to":[1,1,9],
      "faces":{
        "north":{"uv":[15,15,16,16],"texture":"#pane"},
        "south":{"uv":[0,15,1,16],"texture":"#pane"}
      }
    }
  ]
}