{
  "loader":"fusion:model",
  "type":"connecting",
  "connections":{
  "default":{
    "type":"is_same_block"
  },
  "edges":{
    "type":"match_state",
    "block":"minecraft:pink_stained_glass_pane",
    "properties":{"south":"true","east":["false","true"],"north":["false","true"],"west":["false","true"],"waterlogged":["false","true"]}
  }
  },
  "parent":"minecraft:block/mt-ct/pane_south_top",
  "textures":{
    "pane":"minecraft:blocks/mt-ct/glass/12-0",
    "edge":"minecraft:blocks/mt-ct/glass/12-1",
    "edges":"minecraft:blocks/mt-ct/glass/12-2"
  }
}