{
  "loader":"fusion:model",
  "type":"connecting",
  "connections":{
  "default":{
    "type":"is_same_block"
  },
  "edges":{
    "type":"match_state",
    "block":"minecraft:gray_stained_glass_pane",
    "properties":{"east":"true","north":["false","true"],"south":["false","true"],"west":["false","true"],"waterlogged":["false","true"]}
  }
  },
  "parent":"minecraft:block/mt-ct/pane_east_centre",
  "textures":{
    "pane":"minecraft:blocks/mt-ct/glass/5-0",
    "edge":"minecraft:blocks/mt-ct/glass/5-1",
    "edges":"minecraft:blocks/mt-ct/glass/5-2"
  }
}