{
  "textures":{
    "particle":"#pane"
  },
  "elements":[
    {
      "from":[9,0,7],
      "to":[16,16,9],
      "faces":{
        "east":{"uv":[7,0,9,16],"texture":"#edge","cullface":"east"},
        "up":{"uv":[7,0,9,7],"rotation":90,"texture":"#edge","cullface":"up"},
        "down":{"uv":[7,0,9,7],"rotation":90,"texture":"#edge","cullface":"down"}
      }
    },
    {
      "from":[9,1,7],
      "to":[16,15,9],
      "faces":{
        "north":{"uv":[0,1,7,15],"texture":"#pane"},
        "south":{"uv":[9,1,16,15],"texture":"#pane"}
      }
    },
    {
      "from":[8,1,8],
      "to":[9,15,9],
      "rotation":{"angle":0,"axis":"y","origin":[-1,0,1]},
      "faces":{
        "south":{"uv":[8,1,9,15],"texture":"#pane"}
      }
    },
    {
      "from":[9,0,7],
      "to":[15,1,9],
      "faces":{
        "north":{"uv":[1,15,7,16],"texture":"#edges"},
        "south":{"uv":[9,15,15,16],"texture":"#edges"}
      }
    },
    {
      "from":[8,0,8],
      "to":[9,1,9],
      "rotation":{"angle":0,"axis":"y","origin":[-1,0,1]},
      "faces":{
        "south":{"uv":[8,15,9,16],"texture":"#edges"}
      }
    },
    {
      "from":[9,15,7],
      "to":[15,16,9],
      "faces":{
        "north":{"uv":[1,0,7,1],"texture":"#edges"},
        "south":{"uv":[9,0,15,1],"texture":"#edges"}
      }
    },
    {
      "from":[8,15,8],
      "to":[9,16,9],
      "rotation":{"angle":0,"axis":"y","origin":[-1,0,0]},
      "faces":{
        "south":{"uv":[8,0,9,1],"texture":"#edges"}
      }
    },
    {
      "from":[15,15,7],
      "to":[16,16,9],
      "faces":{
        "north":{"uv":[0,0,1,1],"texture":"#pane"},
        "south":{"uv":[15,0,16,1],"texture":"#pane"}
      }
    },
    {
      "from":[15,0,7],
      "to":[16,1,9],
      "faces":{
        "north":{"uv":[0,15,1,16],"texture":"#pane"},
        "south":{"uv":[15,15,16,16],"texture":"#pane"}
      }
    }
  ]
}