{
  "loader":"fusion:model",
  "type":"connecting",
  "connections":[{
  "type":"is_same_block"
  }],
  "parent":"block/block",
  "textures":{
    "side":"block/mt-ct/chiseled_bookshelf/0",
    "top":"block/mt-ct/chiseled_bookshelf/1",
    "front":"block/mt-ct/chiseled_bookshelf/2",
    "particle":"#top"
  },
  "elements":[
  {
    "from":[0,0,0],
    "to":[16,16,16],
    "faces":{
      "north":{"texture":"#front","cullface":"north"},
      "east":{"texture":"#side","cullface":"east"},
      "south":{"texture":"#side","cullface":"south"},
      "west":{"texture":"#side","cullface":"west"},
      "up":{"texture":"#top","cullface":"up"},
      "down":{"texture":"#top","cullface":"down"}
    }
  }
  ]
}
