{
  "loader":"fusion:model",
  "type":"connecting",
  "connections":{
  "pane":{
    "type":"match_state","block":"minecraft:stained_glass_pane","properties":{"north":["false","true"],"east":["false","true"],"south":["false","true"],"west":["false","true"],"color":"black"}
  },
  "edges":{
    "type":"match_state",
    "block":"minecraft:stained_glass_pane",
    "properties":{"west":"true","north":["false","true"],"south":["false","true"],"east":["false","true"],"color":"black"}
  }
  },
  "parent":"minecraft:block/mt-ct/pane_west_centre",
  "textures":{
    "pane":"minecraft:blocks/mt-ct/glass/1-0",
    "edge":"minecraft:blocks/mt-ct/glass/1-1",
    "edges":"minecraft:blocks/mt-ct/glass/1-2"
  }
}
