{
  "loader":"fusion:model",
  "type":"connecting",
  "connections":{
  "pane":{
    "type":"match_state","block":"minecraft:stained_glass_pane","properties":{"north":["false","true"],"east":["false","true"],"south":["false","true"],"west":["false","true"],"color":"yellow"}
  },
  "edges":{
    "type":"match_state",
    "block":"minecraft:stained_glass_pane",
    "properties":{"south":"true","east":["false","true"],"north":["false","true"],"west":["false","true"],"color":"yellow"}
  }
  },
  "parent":"minecraft:block/mt-ct/pane_south_right",
  "textures":{
    "pane":"minecraft:blocks/mt-ct/glass/16-0",
    "edge":"minecraft:blocks/mt-ct/glass/16-1",
    "edges":"minecraft:blocks/mt-ct/glass/16-2"
  }
}
