{
  "loader":"fusion:model",
  "type":"connecting",
  "connections":{
  "pane":{
    "type":"match_state","block":"minecraft:stained_glass_pane","properties":{"north":["false","true"],"east":["false","true"],"south":["false","true"],"west":["false","true"],"color":"lime"}
  },
  "edges":{
    "type":"match_state",
    "block":"minecraft:stained_glass_pane",
    "properties":{"north":"true","east":["false","true"],"south":["false","true"],"west":["false","true"],"color":"lime"}
  }
  },
  "parent":"minecraft:block/mt-ct/pane_north_top",
  "textures":{
    "pane":"minecraft:blocks/mt-ct/glass/9-0",
    "edge":"minecraft:blocks/mt-ct/glass/9-1",
    "edges":"minecraft:blocks/mt-ct/glass/9-2"
  }
}
