{
  "loader":"fusion:model",
  "type":"connecting",
  "connections":{
  "default":{
    "type":"is_same_block"
  },
  "edges":{
    "type":"match_state",
    "block":"minecraft:red_stained_glass_pane",
    "properties":{"north":"true","east":["false","true"],"south":["false","true"],"west":["false","true"],"waterlogged":["false","true"]}
  }
  },
  "parent":"minecraft:block/mt-ct/pane_north_top",
  "textures":{
    "pane":"minecraft:blocks/mt-ct/glass/14-0",
    "edge":"minecraft:blocks/mt-ct/glass/14-1",
    "edges":"minecraft:blocks/mt-ct/glass/14-2"
  }
}