{
  "multipart": [
    {
      "apply": {
        "model": "minecraft:block/purple_stained_glass_pane_post"
      }
    },
    {
      "apply": {
        "model": "minecraft:block/purple_stained_glass_pane_side"
      },
      "when": {
        "north": "true"
      }
    },
    {
      "apply": {
        "model": "minecraft:block/purple_stained_glass_pane_side",
        "y": 90
      },
      "when": {
        "east": "true"
      }
    },
    {
      "apply": {
        "model": "minecraft:block/purple_stained_glass_pane_side_alt"
      },
      "when": {
        "south": "true"
      }
    },
    {
      "apply": {
        "model": "minecraft:block/purple_stained_glass_pane_side_alt",
        "y": 90
      },
      "when": {
        "west": "true"
      }
    },
    {
      "apply": {
        "model": "minecraft:block/purple_stained_glass_pane_noside"
      },
      "when": {
        "north": "false"
      }
    },
    {
      "apply": {
        "model": "minecraft:block/purple_stained_glass_pane_noside_alt"
      },
      "when": {
        "east": "false"
      }
    },
    {
      "apply": {
        "model": "minecraft:block/purple_stained_glass_pane_noside_alt",
        "y": 90
      },
      "when": {
        "south": "false"
      }
    },
    {
      "apply": {
        "model": "minecraft:block/purple_stained_glass_pane_noside",
        "y": 270
      },
      "when": {
        "west": "false"
      }
    }
  ],
  "athena:loader":"athena:pane_ctm",
  "ctm_textures":{
    "center":"minecraft:block/mt-ct/glass/13-1",
    "empty":"minecraft:block/mt-ct/glass/13-2",
    "horizontal":"minecraft:block/mt-ct/glass/13-3",
    "particle":"minecraft:block/mt-ct/glass/13-4",
    "vertical":"minecraft:block/mt-ct/glass/13-5"
  }
}