{
  "ambientocclusion":true,
  "textures":{
    "particle":"#pane"
  },
  "elements":[
  {
    "from":[0,0,7],
    "to":[8,16,9],
    "faces":{
      "down":{"uv":[7,8,9,16],"texture":"#edge","rotation":90,"cullface":"down"},
      "up":{"uv":[7,8,9,16],"texture":"#edge","rotation":90,"cullface":"up"},
      "west":{"uv":[7,0,9,16],"texture":"#edge","rotation":180,"cullface":"west"}
    }
  },
  {
    "from":[0,1,7],
    "to":[8,15,9],
    "faces":{
      "north":{"uv":[8,1,16,15],"texture":"#pane"},
      "south":{"uv":[0,1,8,15],"texture":"#pane"}
    }
  },
  {
    "from":[8,0,7],
    "to":[9,16,9],
    "faces":{
      "down":{"uv":[7,7,9,8],"texture":"#edge","rotation":90,"cullface":"down"},
      "up":{"uv":[7,7,9,8],"texture":"#edge","rotation":90,"cullface":"up"},
      "north":{"uv":[0,0,1,16],"texture":"#edge"},
      "south":{"uv":[15,0,16,16],"texture":"#edge"},
      "east":{"uv":[7,0,9,16],"texture":"#edge","rotation":180}
    }
  },
  {
    "from":[1,0,7],
    "to":[8,16,9],
    "faces":{
      "north":{"uv":[8,0,15,16],"texture":"#swest"},
      "south":{"uv":[1,0,8,16],"texture":"#swest"}
    }
  },
  {
    "from":[0,15,7],
    "to":[1,16,9],
    "faces":{
      "north":{"uv":[15,0,16,1],"texture":"#pane"},
      "south":{"uv":[0,0,1,1],"texture":"#pane"}
    }
  },
  {
    "from":[0,0,7],
    "to":[1,1,9],
    "faces":{
      "north":{"uv":[15,15,16,16],"texture":"#pane"},
      "south":{"uv":[0,15,1,16],"texture":"#pane"}
    }
  }
  ]
}