{
  "textures":{
    "particle":"#pane"
  },
  "elements":[
    {
      "from":[7,0,0],
      "to":[9,16,7],
      "faces":{
        "north":{"uv":[7,0,9,16],"texture":"#edge","cullface":"north"},
        "up":{"uv":[7,0,9,7],"texture":"#edge","cullface":"up"},
        "down":{"uv":[7,9,9,16],"texture":"#edge","cullface":"down"}
      }
    },
    {
      "from":[7,1,0],
      "to":[9,15,7],
      "faces":{
        "east":{"uv":[9,1,16,15],"texture":"#pane"},
        "west":{"uv":[0,1,7,15],"texture":"#pane"}
      }
    },
    {
      "from":[8,1,7],
      "to":[9,15,8],
      "rotation":{"angle":0,"axis":"y","origin":[1,0,7]},
      "faces":{
        "east":{"uv":[8,1,9,15],"texture":"#pane"}
      }
    },
    {
      "from":[7,0,1],
      "to":[9,1,7],
      "faces":{
        "east":{"uv":[9,15,15,16],"texture":"#edges"},
        "west":{"uv":[1,15,7,16],"texture":"#edges"}
      }
    },
    {
      "from":[8,0,7],
      "to":[9,1,8],
      "rotation":{"angle":0,"axis":"y","origin":[1,0,6]},
      "faces":{
        "east":{"uv":[8,15,9,16],"texture":"#edges"}
      }
    },
    {
      "from":[7,15,1],
      "to":[9,16,7],
      "faces":{
        "east":{"uv":[9,0,15,1],"texture":"#edges"},
        "west":{"uv":[1,0,7,1],"texture":"#edges"}
      }
    },
    {
      "from":[8,15,7],
      "to":[9,16,8],
      "rotation":{"angle":0,"axis":"y","origin":[1,0,6]},
      "faces":{
        "east":{"uv":[8,0,9,1],"texture":"#edges"}
      }
    },
    {
      "from":[7,15,0],
      "to":[9,16,1],
      "faces":{
        "east":{"uv":[15,0,16,1],"texture":"#pane"},
        "west":{"uv":[0,0,1,1],"texture":"#pane"}
      }
    },
    {
      "from":[7,0,0],
      "to":[9,1,1],
      "faces":{
        "east":{"uv":[15,15,16,16],"texture":"#pane"},
        "west":{"uv":[0,15,1,16],"texture":"#pane"}
      }
    }
  ]
}